selftext,subreddit,title
,Republican,"How Socialism Rots The Soul, The Culture And The Country"
,Republican,"Florida primary 2018: A look at Central Florida candidates, issues"
,Republican,POOF HE‚ÄôS GONE! MSNBC and ABC crop out Louis Farrakhan from Aretha Franklin funeral photo
,Republican,Neocons and liberals hate Trump because he has provided patriots a conduit through which they can channel their cultural resurgence. Trump has provided a platform upon which patriots can stand against the seemingly inexorable march of ‚Äúprogress‚Äù and the elites.
,Republican,"John McCain's marriage was like a Hallmark Channel movie where he got married before deployment,and his wife worried about his health &amp; safety while he was a POW."
,Republican,Pentagon cancels aid to Pakistan over record on militants
,Republican,Here Are Horrifying Things From The New Mexico Terrorist Compound
,Republican,New research debunks ‚Äòcherry-picked‚Äô pro-gun control study the mainstream media routinely cite
,Republican,Previously Regarded ‚ÄúSafe‚Äù Maine US Senate Seat ‚ÄúIn Play‚Äù for Republican Eric Brakey
,Republican,"Pirro: Trump Was 'Framed' by Mueller, Weissmann | Breitbart"
,Republican,Venezuelan Dollars To Be Used As Straw Substitute In Seattle
,Republican,How the 'Uber Eats' Mentality Pushes Millennials Toward Socialism
,Republican,Trump Kept His Promise: America's Courts Are Turning Conservative
,Republican,Government accuses Harvard of 'outright racial balancing'
,Republican,Voters will decide whether to expand Medicaid in these red states
,Republican,Massachusetts Republican beats trans driver‚Äôs license bill by forcing votes on all 73 genders
,Republican,Ted Cruz was right.
,Republican,"SOM - MPSC decides final Credit A tax impact case, saving customers of 10 Michigan utilities $379.5 million"
,Republican,California Democrats Outraged As In-N-Out Burger Donates To GOP
,Republican,SHOCK REPORT: Pope Francis Dismissed High-Ranking Cardinal For Imposing A 'Zero Tolerance' Policy On Sexually Abusing Prelates
,Republican,Dem rep warns immigration officers following 'illegal' Trump orders: 'You will not be safe'
,Republican,EU Trade Commissioner gives ground: We're willing to drop auto tariffs to zero (if the US will do the same)
,Republican,Journalistic Malpractice from the washington post? After the recent outrage...State Department Refutes WaPo Story- Passports To Citizens Denied More Under Obama Than Trump
,Republican,"HC: Except he literally wasn't being racist, contrary to what the media and liberals want you to believe."
,Republican,So now the ‚ÄúM‚Äù word is off limits!?!?
,Republican,John Lott Jr.: Adam Lankford ‚Äòbotched‚Äô study claiming U.S. accounts for one-third of mass shootings
,Republican,Orrin Hatch Calls for Federal Trade Commission Investigation Into Google
,Republican,CNN Analyst: Trump Attacking Antifa Because It‚Äôs ‚ÄòWidely Perceived As ‚ÄòAfrican-American‚Äô Organization - BB4SP
,Republican,Police reports detail Beto O‚ÄôRourke‚Äôs 1998 DWI arrest
,Republican,WV State Police seize $10K from couple without charging them with a crime
,Republican,Cruz Triggers Standing Ovation After This Confrontation With O'Rourke Supporter
,Republican,Martha McSally wins GOP nomination for Arizona‚Äôs US Senate seat
,Republican,Florida Democratic activists love Andrew Gillum. They seem oblivious to the investigation.
,Republican,Trump Supporter Gets Attacked by ... Peaceful Liberal !!!... Crazy how Liberals/Democrats ALWAYS Result2 Violence
,Republican,When you have Trump derangement syndrome
,Republican,"Student Who Snatched Classmate‚Äôs MAGA Hat Facing Battery Charges, Says She Was Only Making Political Statement"
,Republican,Capitalism &amp;amp; Classical Liberalism: Community Thrives in the Marketplace
,Republican,How the U.S.-Mexico Pact Could Turn Tables on China.
,Republican,The plot thickens on naming McCain‚Äôs successor
,Republican,"Activist Tries to Bash Trump with New Billboard, New Jersey Town Strikes Back"
,Republican,Socialism vs. Trump after Massive Turnout in Florida‚Äôs Tuesday Primary
,Republican,"As a Democrat whose family escaped socialism, Ocasio-Cortez worries me"
,Republican,The School Shootings That Weren't. NPR investigates shootings that were over reported.
,Republican,CNN‚Äôs Don Lemon Defends ANTIFA After Trump Says Group May Be Violent After Midterms: 'No Organization Is Perfect'
,Republican,CNN 'Stands By' Refuted Report On Trump Tower
,Republican,N.C. Republicans warn of ‚Äòunmitigated chaos‚Äô after judges strike down House district maps
,Republican,Court ruling against North Carolina districts could leave House control in limbo until 2019
,Republican,"No, adding a few more Republicans to the Senate will not change the equation"
,Republican,‚ÄúWe can‚Äôt leave this general on the battlefield‚Äù ‚Äì Mark Levin raises money for Mike Flynn
,Republican,3 Problems With NYT Story About How FBI's Trump Informant Was Outed
,Republican,Survey Finds Black Business Ownership in the U.S. Jumped 400% in One Year
,Republican,"Facebook blocks ad for upcoming Diamond and Silk 'Dummycrats' movie ridiculing Pelosi, Waters"
,Republican,Axios: House Republicans Circulating 'Hell' List of Possible Investigations Democrats May Initiate if They Take Over
,Republican,READ: John McCain's Farewell Letter (Full Transcript)
,Republican,"Clinton Private Email Server Hacked by Chinese Firm, According to Report - One America News Network"
,Republican,Black Pastor: Trump ‚ÄòProbably Going to Be‚Ä¶ Most Pro-Black President That We‚Äôve Had in Our Lifetime‚Äô
,Republican,Rand Paul raises the question: Are Senate Republicans really pro-life?
,Republican,Key Russian Collusion Found By Pentagon Whistleblower
,Republican,The Silence On A Potential Chinese Spy In Feinstein's Office Is Deafening
,Republican,What Do I Think About Donald Trump?
,Republican,NBC/WSJ poll: Trump approval 'remarkably stable' after a stormy week of bad news
,Republican,Socialists are disgusting
,Republican,California‚Äôs Slow Decline Into The Abyss of Venezuela
,Republican,"While homicide may be a tragic fact of life, every homicide perpetrated by an illegal alien is one that could easily have been avoided simply by enforcing existing immigration laws. Americans should not lose sight of that bigger picture."
,Republican,US Senator John McCain dies aged 81
,Republican,The Left Still Doesn‚Äôt Know Why It‚Äôs Losing
,Republican,Reports of the death of the GOP congressional majorities are greatly exaggerated
,Republican,John McCain: Who are the likely contenders for his Senate seat?
,Republican,The Pope knew about this and covered it up!
,Republican,John McCain Senate seat won't be filled until after funeral
,Republican,"John McCain, War Hero, Senator, Presidential Contender, Dies at 81"
,Republican,The Switch That Never Happened: How the South Really Went GOP
,Republican,"Peter Strzok Personally Hand-Picked the 3,000 Emails to be Examined From Weiner Laptop"
,Republican,Sen. John McCain dead at 81
,Republican,Pentagon Whistleblower Claims DoD Official Awarded Investigators Of His Case With Military Medals
,Republican,"Troy Balderson Certified Winner in Ohio Special Election, Holding Seat for GOP"
,Republican,Volunteers found Iran‚Äôs propaganda effort on Reddit ‚Äî but their warnings were ignored
,Republican,Dallas Morning News attacks Conservative Black Police Officer who sued BLM
,Republican,"WATCH: Jihadi calmly goes on stabbing spree in UK hospital, sending patients and staff running for their lives, in ""an apparently motiveless attack"""
,Republican,Why do we keep calling illegal immigrants 'undocumented' in Mollie Tibbetts murder and other crimes?
"Background:  Julia Salazar is running NY state senate. She is a democratic socialist. She said she is an Immigrant on her website, but she was born in USA.
Later she changed the website.
https://twitter.com/redsteeze/status/1033211604630994945


It does not stop there. She responded to it.


From Julia,
&gt; Hi Stephen. I do not personally manage my website. I explained in my statement yesterday that a staffer who wrote the language in one platform page (written in first-person) mistakenly said this. I asked that it be corrected as soon as I was alerted to it yesterday morning.

https://twitter.com/JuliaCarmel__/status/1033376472529031168



The problem is there is a video of her saying she is an immigrant.

More campaigning on your ""identity"" as an ""immigrant.""
""I immigrated to this country with my family when I was very little. In Colombia, my mom raised me as a single mother..."" 0:37 seconds in. 

Video is in the tweet
https://twitter.com/pplswar/status/1033190117991739392
",Republican,1 Julia Salazar (NY State Senate Candidate -- Democratic Socialist) caught red handed on Twitter
,Republican,Facebook apparently identifying posts with conservative content as spam
,Republican,John McCain to Stop Cancer Treatment
,Republican,"France: Muslim shouting ""Allahu akbar"" kills his mother and sister, ISIS claims attack"
,Republican,Biker Woman Pulls Out Gun and Shoots Road-Raging Man Dead After He Beat Her Almost Unconscious
,Republican,Senate blocks bill that would provide election officials classified information regarding threats to elections infrastructure and formalize the sharing process with DHS at White House request. Bill would also require electric voting machines to produce paper record copies.
,Republican,In case you forgot: Congress paid millions in hush money to protect politicians
,Republican,Impeachment Is Not Going to Happen
,Republican,Removing 'undocumented' from headline on Tibbetts story sows readers' distrust
,Republican,Jeff Sessions to Trump: I will not let my Justice Department be improperly influenced by political considerations
,Republican,The 'shift' in Arizona's Republican party that may keep McCain supporters at home
,Republican,Illegal Alien Accused of Murdering Mollie Tibbetts Used Stolen ID to Work
,Republican,EXCLUSIVE: Dozens of locked up sex offenders among those granted conditional pardons by Gov. Cuomo so they can vote
,Republican,"Mollie Tibbetts' Suspected Murderer Is an 'All-American Boy' with No Prior Record, Defense Argues"
,Republican,"Ocasio-Cortez Claims Global Warming Is Killing Americans, Gov Allowing It"
,Republican,‚ÄúWe‚Äôll Find Out About Brennan‚Äù
,Republican,Pay Attention to the Killing of Mollie Tibbets
,Republican,"FBI ""Investigation"" Into Weiner Laptop Was a Gigantic Fraud Upon the Public; FBI Only Looked at 3000 Emails, and Only Glanced At Those in a 12 Hour Window; Never Conducted Mandatory Security Assessment"
,Republican,"Obama tried to get Rev Wright to stay quiet 'by paying him $150,000 during the 2008 campaign'"
,Republican,"Reminder post-Cohen: Clintons were experts at silencing women, sometimes with money"
,Republican,Cohen Attorney Lanny Davis: CNN‚Äôs Anonymous Sources Were Wrong About Trump Tower Claim
,Republican,No indication North Korean nuclear activities stopped: IAEA
,Republican,Trump's Immigration Goals Mirror Eisenhower's: Jobs And Security
,Republican,Plan to strip H-1B spouses of right to work hits final stage
,Republican,Trump weighs Manafort pardon in exclusive 'Fox &amp; Friends' interview
,Republican,"Trump blasts Michael Cohen over plea deal, praises Manafort"
,Republican,"Jobless Claims Better than Expected Again, Defying Tariff Fearmongers"
,Republican,"Cohen 'more than happy' to talk to Mueller, tell 'all that he knows,' lawyer says"
,Republican,Trump's former attorney Michael Cohen has made a plea deal and allegations against the president
,Republican,Join this political simulation subreddit
,Republican,Billionaire Foster Friess defeated in Wyoming gubernatorial race despite last-minute Trump endorsement; Sen. Barrasso trounces wealthy challenger
,Republican,Swamp Monster
,Republican,"If patriots should prevail, they must forge an identity politics of their own to counter the Left, whose identity politics are based, primarily, on race and ethnicity."
,Republican,H-1B visa-reliant Cisco favored foreign workers
,Republican,"Manafort convicted on 8 counts of bank, tax fraud"
,Republican,Will Trump's Midterm Plans Take Him To Texas?
,Republican,Facebook apologizes for removing conservative PragerU videos
,Republican,"Russian hackers targeted U.S. Senate, think tanks: Microsoft"
,Republican,"Judge Gives No Jail Time To Imran Awan, Attorney Claims He Was Building ‚ÄòWomen‚Äôs Shelter‚Äô"
,Republican,Tibbetts suspect worked for farm owned by well-known Republican family
,Republican,YouTube shows me ads for MyHeritage on a video about Elizabeth Warren
,Republican,Midterm Wildcard: The Black Vote May Be In Play
,Republican,What could this mean?
,Republican,Democrats struggle to find unity ahead of elections
,Republican,"If the government schools were really about education rather than indoctrination, today's required reading would be quite different: Required reading today and yesteryear."
,Republican,If only liberals took jokes as well as they take out money
,Republican,"RNC breaks another record, builds on fundraising advantage"
,Republican,Suspect in missing Iowa student Mollie Tibbetts death is illegal immigrant
,Republican,"Laura Ingraham is right: the ‚Äúmassive demographic shift"" is cause for concern"
,Republican,Accused Russian agent charged with attempting to influence US politics moved from DC to Virginia jail for undisclosed reasons
,Republican,Clapper: Brennan's rhetoric is becoming an issue
,Republican,Senator Warren‚Äôs Bizarro Corporate Governance
,Republican,Trump has gained support among black voters since 2016
,Republican,Liberals crushed in SCOTUS spending war
,Republican,EXPOSED: Astonishing Fake News Against Rick Scott in Senate Race
,Republican,EXCLUSIVE: 4-in-10 N.H. Republicans Support a 2020 Primary Challenge for President Trump
,Republican,Alexandria Ocasio-Cortez Bans Reporters From Public Town Halls
,Republican,U.S. Steel to invest $750 million to revitalize flagship Gary plant in wake of Trump tariffs
,Republican,Brennan: I didn‚Äôt mean that Trump committed treason when I said he committed treason
,Republican,"Trump policies are good for US, but may be bad for the global market"
,Republican,CBS News pollster reveals why ‚Äòblue wave‚Äô is unlikely
,Republican,"CNN Sued The Government For Names, Addresses Of Manafort Jurors"
,Republican,Trump cites 'ridiculously high' price in canceling military parade
,Republican,GOP Chair Flattens DNC Chair For His Pathetic Identity Politicking In One Tweet
,Republican,True Con Corporate Class Silent on Censorship of PragerU and the MasterCard-Ordered Banning of Robert Spencer from Patreon
,Republican,California Legislature To Consider Licensing Complaining
,Republican,Special ops shoot down Brennan and his defenders: 'You put your politics before us'
,Republican,Manafort‚Äôs Judge Is Under Federal Protection After Wave Of Threats
,Republican,Fourth instance of mob violence this year shuts down Chicago's fanciest shopping district
,Republican,Everyone Else...
,Republican,"Senate Intel Chairman, Richard Burr, Notes that Brennan has Trapped Himself"
,Republican,IRS Docs Link McCain's Office to Attacks on Tea Party
ESPN won't broadcast the anthem before Monday Night Football https://dailym.ai/2vUf35c via http://dailym.ai/android,Republican,Unacceptable non solution.
,Republican,Ending Birthright Citizenship Will Make GOP Look Pro-Dred Scott
,Republican,HC: Except he literally WASN'T inciting violence.
,Republican,"Trump, McConnell forge partnership as midterms approach"
,Republican,GOP leader criticizes Republican senators for not showing up to work
,Republican,"Colorado Defies SCOTUS, Doubles Down on Jack Phillips"
,Republican,Senate confirms two more circuit court judges after Jeff Flake lifts blockade
,Republican,Pentagon Analyst Stripped of His Security Clearances After Questioning Exorbitant Contracts for Trump-Campaign Spy Stefan Halper
,Republican,Detroit Rep. Bettie Cook Scott on Asian opponent: 'Don't vote for the ching-chong!'
,Republican,City passes proposal to remove Trump's star from Hollywood Walk of Fame
,Republican,Democrat Candidate Explains Why 13-Year-Olds Should Be Able To Get Abortions Without Parental Consent
,Republican,Klavan: The Enemy Is In The Church
,Republican,Central Washington University fires Republican lawmaker and professor
,Republican,'Most Damning' Planned Parenthood Videos Yet Set for Release if Judge Lifts Gag Order
,Republican,Dem Candidate Voted Against Minnesota Bill to Stop Insurance Payments to Convicted Terrorists
,Republican,"The ""Both Sides"" Experiment"
,Republican,"Midterm Meddling: Twitter Follows Facebook, Blacklists GOP Candidate's Family Story"
,Republican,"John Brennan, a Security Risk from the Start"
,Republican,Ellison Is Done: 911 Report Confirms Assault Details and We've Got the Report - this is ANOTHER allegation
,Republican,Trump Revokes Security Clearance for Former CIA Director John Brennan
,Republican,Shelter For Abused Women Targeted By Equal Rights Commission For Barring Biologically Male Transgenders. Now They're Fighting Back.
,Republican,"Ohio Veterans Blast Cordray for Comparing Republicans, Trump Admin. to Nazis"
,Republican,"Andrew Cuomo shocks crowd, says America 'was never that great'"
,Republican,"'‚ÄãShopify' Targets Gun Companies With Crippling Ban, CEO Quietly 'Amends' Free Speech Stance"
,Republican,"HC: Salon gives one headline, but the entire article is about something else."
,Republican,All of West Virginia's Supreme Court justices impeached over spending
,Republican,"Ted Nugent and Tom Morello are friends, says Wayne Kramer"
,Republican,Hundreds Of Media Outlets Make Trump‚Äôs Point Today -
,Republican,"Democrats view socialism more favorably than capitalism, Gallup says"
,Republican,Post about Trump calling people names; comments are full of people calling Trump/ Trump supporters names.ü§î
,Republican,House GOP prepares to grill DOJ official linked to Steele dossier
,Republican,Massachusetts mayor boycotts Sam Adams after cofounder thanked Trump for tax cuts
"My wife and I are Republicans and we got our sample ballots for the Republicans primary today.
We will vote for DeSantis for Republican candidate for Governor because President Trump endorsed him over Putnam.
Did Trump endorse any other candidates on this ballot?
Looks like Frank White is the pro Trump Attorney General candidate over Ashley Moody as the establishment Republican.
Agriculture Commissioner Republican candidate Matt Caldwell has the NRA endorsement.
( Agriculture commission handles concealed carry permits in Florida)
What about the candidates for Judge?
It‚Äôs non partisan, so they can‚Äôt say which party they belong to. I would just vote for Republicans as I think they would generally be tougher on crime, more pro life and more gun friendly.
I have Group 13, 18 and 25 on my ballot. I have been to ALL their websites and they all have the same words about skills, justice and fairness.
Even the scientist candidate says she has skills, while her rival is a public defender. 
It‚Äôs like it is secret information whether they even belong to a political party. 
I‚Äôve searched the net and there is no one issuing recommendations for judge candidates. I see Tea party recommendations for Texas, but none in Florida.
Anyone have any ideas on who rates these people? Any way to find out if they are Republicans?
 ",Republican,Recommend Florida Judges
,Republican,Florida Dems Looking For 'Blue Wave.' It's Not Happening.
,Republican,"Sens. Mike Enzi, Richard Burr: Let's set some real consequences for bad behavior at the IRS"
,Republican,Dems ready to move past Michelle Obama‚Äôs ‚Äògo high‚Äô message - ‚ÄúYou can‚Äôt kill him with kindness. That doesn‚Äôt work. So you have to go the other way.‚Äù
,Republican,Keith Ellison Beats 5 Other Democrats (Including his ex-Girlfriend) to win Democratic primary in Minnesota‚Äôs attorney general race
,Republican,Three landmark #SCOTUS decisions that protect free speech and help prevent discrimination.
,Republican,"If Trump‚Äôs Voters Turn Out This Fall, They‚Äôll Give Republicans A Big Senate Majority"
,Republican,There‚Äôs neither red nor blue wave in sight yet
,Republican,"FBI fires Peter Strzok, months after anti-Trump texts revealed"
,Republican,Why the Left Loves Marx and Ignores Douglass
,Republican,"Bernie Sanders misunderstood study he used to tout ‚ÄòMedicare for All,‚Äô author says"
,Republican,Vote On Your Dream 2020 Democratic Ticket
,Republican,"‚ÄúOne side or the other must win. . . . This is a civil war that can be won without firing a shot,‚Äù writes Peter Leyden, the former managing editor of Wired. That is not a metaphor, when Leyden says the war ‚Äúcan be won without firing a shot,‚Äù what he means is censorship."
,Republican,Bill De Blasio: Rupert Murdoch's Media Empire is Evil
"I know it might be a strange question, but I see some conservatives say homage to catalonia is a good book to read for conservatives like ben shapiro and national review. But then I see a lot of socialists say homage to Catalonia is a good book and conservative have the book and Orwell wrong.",Republican,Is Homage to Catalonia a good book for Republicans to read
,Republican,Kanye West Defends His Support of Trump: 'Liberals Can't Bully Me'
,Republican,Its in the fucking second paragraph!!! NYT just outright making shit up again.
,Republican,"The Washington establishment is less interested in the means used to influence voters than in the fact that the deplorables have been prompted to defy them, which cannot be allowed."
,Republican,2016 Trump Tower Meeting Looks Increasingly Like a Setup by Russian and Clinton Operatives
,Republican,Democrats More Positive About Socialism Than Capitalism [Gallup poll]
,Republican,Is the moderate liberals ever going to admit they have an intolerance &amp; trust issue?
,Republican,Colleges Are Turning Red Students Radically Blue -
,Republican,Trump condemns ‚Äòall types of racism‚Äô on one-year anniversary of Charlottesville
,Republican,"Wacky Omarosa - Trump blasts 'vicious' former aide, 'Celebrity Apprentice' star in wake of secret tapes bombshell"
,Republican,Trump has Secret Service haul away reporter for asking a question
,Republican,"PRESIDENT DONALD J TRUMP, telling it, just like it is lmao..."
,Republican,Why Omarosa‚Äôs attack on Kelly could backfire
,Republican,Not good. Leadership needs to get the deficit under control.
,Republican,US Navy makes it clear. Obama's appeasement policy is over.
,Republican,POTUS with an epic troll!
,Republican,Conservatives call for constitutional intervention last seen 230 years ago
,Republican,The Democrats‚Äô ‚ÄòGeneric Ballot‚Äô Advantage Has All But Disappeared
,Republican,"170 Voters in Ohio Race 'Over 116 Years Old,' World's Oldest Person Is 115"
,Republican,"Omarosa Contradicts Her Book, Saying She Heard Trump Use 'N-Word' On Tape : NPR"
,Republican,"Ocasio-Cortez dismisses Ben Shapiro's debate offer, compares to 'catcalling'"
,Republican,"Short on Cash, DNC Does About-Face on Fossil Fuel Donations"
,Republican,"Trump Touts Minority Unemployment Rates, Pushes Prison Reform Measures"
,Republican,Report: Iran Test-Fired Anti-Ship Missile to Taunt US Forces Read
,Republican,"Apparent ideological distinctions between neocons and liberals in mass media are illusory. When the power of the Establishment is challenged, they unify to neutralize the threat. At the heart of the matter is a battle over agency. Do Americans have the freedom to live as they see fit?"
,Republican,The Death Penalty Helps Preserve the Dignity of Life
,Republican,US Deficit on Track for 6-Year Record High Read
,Republican,"And suddenly the Generic Congressional Advantage is down to +5 Democrat, that‚Äôs the average. Ideas?"
,Republican,Small Conservative Outlets Are Being Shadowbanned En Masse
,Republican,Celebrities clash over President Trump
,Republican,Are Fox News Liberals Attacking Laura Ingraham?
,Republican,Congressional Leadership Fund Expands Field Offices
,Republican,Twitter Resistance: Social Media Giants Shouldn‚Äôt Be Arbiters Of Appropriate Speech
,Republican,"Rage when Trump targets media, Crickets when De Blasio targets media"
,Republican,Hundreds of uncounted votes found could swing nail-biter special election
,Republican,AntiFa anarchist associated Eric Clanton takes 3-year probation deal in Berkeley rally bike lock assault case
,Republican,House Republicans Considering Leadership Bids
,Republican,Ocasio-Cortez: Think of all the funeral expenses we'll save under Medicare for All!
,Republican,Defendant Released from Local Custody Despite Outstanding ICE Detainer Pleads Guilty to Illegal Reentry following Philadelphia Conviction for Rape of Child
,Republican,Trump: Maybe players who kneel shouldn‚Äôt be in US
,Republican,"Gun-Rights Activists Who Posted Gun Files Say Facebook, Amazon Have Censored Their Site"
,Republican,Cursed by Alexandria Ocasio-Cortez and Bernie Sanders ? All candidates endorsed by the socialist democrats lost last night!
,Republican,"HC: Agreeing to study the possibility is not the same thing as ""Embrace"""
,Republican,I just nearly choked on my dinner LMFAO
,Republican,Trump endorses Tedd Yoho of Florida!
,Republican,Rep. Christopher Collins Arrested for Insider Trading
,Republican,What do you think of Left-wing Indoctrination in public schools? (POLL)
,Republican,Kamala Harris floats the left‚Äôs new ‚Äòidentity politics‚Äô hypocrisy
,Republican,HC: West Hollywood calls for Trump Walk of Fame star to be removed
,Republican,"Arrested ANTIFA members (Sundays ""Anti-Marxism rally"")"
"An interesting discussion, the cold war ended on his watch, his policies were intricate and well thought out. He worked with Russia (Gorbachev) and was liked by majority of the Americans.

Trump like Reagan has a strong persona, a good group of advisors and capabilities for good administration. But also, he is hated equally and demonised in everyday public situations.

Will Trump go down as legendary as Reagan was?",Republican,Trump vs. Reagan?
,Republican,NAACP poll shows increase in Trump approval among African Americans
,Republican,Nancy Pelosi: Voting for Democrats Gives ‚ÄòLeverage‚Äô to Illegal Aliens
,Republican,Politico Reporter: Iranian Protests ‚ÄòBlaming the Regime‚Äô After U.S. Exits Nuclear Deal
,Republican,Hmmm... and they call Republicans fascist..
,Republican,"‚ÄòSurvival of our democracy‚Äô depends on banning sites like InfoWars, Dem senator says"
,Republican,"This State Is Impeaching Its Entire Supreme Court, Maybe They're Onto Something"
,Republican,Vulnerable Senate Dem: ‚ÄòI‚Äôm fine‚Äô with more money for border wall
,Republican,Environmental Activists Ignore The Strong Case For Offshore Oil Drilling
,Republican,"Police Were Not Policed: Without Accountability, Hard to Trust DOJ &amp; FBI Now"
,Republican,Why Socialism Failed - Mark J. Perry
,Republican,HC: CNN leaves out any mention that the man planning an attack in San Francisco was Isis-inspired
,Republican,And the left will still say he was a standup guy.
,Republican,Bezos sure knows how to pick them
,Republican,"670 ballots in a precinct with 276 voters, and other tales from Georgia‚Äôs primary"
,Republican,Donald Trump reimposes sanctions on Iran that were lifted by Barack Obama
,Republican,Sessions Stands Strong In Defense Of Terminating DACA
,Republican,"""A man was stabbed in the throat in Washington for openly supporting the president, and a 69-year-old woman was nearly beaten to death with a chair for the same."""
,Republican,FCC admits it was never actually hacked
,Republican,LOL... poor Mueller
,Republican,Socialism's Downfall: Why has socialism failed everywhere it has been tried? Proponents of socialism fail to take into account one basic and immutable factor: the fundamental nature of the human race.
,Republican,Dwayne 'The Rock' Johnson upsets animal rights advocates with pictures from aquarium visit
"I strongly believe the party would benefit greatly  from putting an end to the use of the ‚Äúhispanic/latino‚Äù label.  There is no reason why legal catholic immigrants who identify strongly with their European heritage shouldn‚Äôt be voting republican. 

The use of hispanic as a general term to group every person that speaks Spanish is asinine. What is currently defined as hispanic, includes people from all races whose only common trait in most cases is that they speak Spanish. They dont eat the same food, listen the same music or share a common history. A Mexican and a Cuban are as miles apart culturally. Even a Mexican and a Salvadorian which share a more similar background can barely stand each other. 

We need conservatives and they are already here. Break this made up nonsensical group instituted by democrats (mostly made to identify poor mexican migrants) and welcome them into the fold. ",Republican,End the Hispanic concept
,Republican,Police: Armed bystander takes down gunman at Titusville back to school event
,Republican,This is the tolerant left. #AntifaIsATerroristOrganization
,Republican,"Sikh Man Attacked, Told To ‚ÄúGo Back To Your Country‚Äù In Stanislaus Co. - ""The campaign signs he placed that night were for Congressman Jeff Denham and other members of the Stanislaus County GOP."""
,Republican,Senate Democrats Are Circulating Plans for Government Takeover of the Internet
,Republican,"TODAY IS VOTING DAY: Kansas, Michigan, Missouri, Washington Primary Elections &amp; Ohio 12th Special Election - Find your polling place:"
"US Senate candidate Austin Petersen appeared on the Fox Business Network on the eve of his Republican primary in Missouri. Petersen is a pro-life, pro-liberty, pro constitutional conservative.
   
 YouTube URL: https://youtu.be/G5gkUdxg2XE
   
   
",Republican,"""I‚Äôm the strongest Republican candidate against Sen McCaskill."" Austin Petersen"
,Republican,Race-Based Diversity Is Creating More Trump Voters
,Republican,Don't Tread on the Net
,Republican,Pastor praises Trump as ‚Äòpro-black‚Äô at prison reform event
,Republican,FAR LEFT MOBS RIOT In 3 Major US Cities -- NOT ONE Mainstream Outlet Reports on the Widespread Leftist Violence
,Republican,Rove: Trump should lower expectations for red wave in midterms
,Republican,FAR LEFT MOBS RIOT In 3 Major US Cities -- NOT ONE Mainstream Outlet Reports on the Widespread Leftist Violence
,Republican,Maxine Waters gets her wish: Antifa mob ATTACKS Charlie Kirk and Candace Owens
"*Note: If a moderator wishes for this post to be removed, please do so. I don't see any rules about against advertising other communities, but I apologize if I missed something.*

Hello fellow Republicans! I am a Republican who loves debate. However, if you look at rule 1, debate is not allowed. I am not complaining about this, as debate would encourage trolling from your opposition all over this sub. However, if any of you guys are interested in debating your beliefs with people who have opposing viewpoints in an environment where everyone is required to be respectful, please consider partaking in discussions on my new [subreddit](https://new.reddit.com/r/Debatocratics/). If you wish to gather a group of like-minded people within your community before heading over, please feel free to do so.

If you hate debate, and it gives you a headache, you don't have to come. However, I firmly believe that healthy debate is necessary for democracy to function, and by debating with your peers you make the world a much better place.",Republican,Place for Debate [Friendly Advertisement]
"Go here for the AMA:
https://old.reddit.com/r/walkaway/comments/956lnq/hi_everyone_im_brandon_straka_founder_of_walkaway

Thank you mods!",Republican,"Brandon Straka AMA at r/WalkAway, the official subreddit of the #WalkAway campaign"
,Republican,"HC: Newsweek publishes an article claiming that Stephen Austin, whom the capital of Texas was named after, was a Confederate. There's just one problem..."
,Republican,GOP Congressional candidate Elizabeth Heng Gets Facebook Blocked
,Republican,Peter Fonda Encourages Voter Fraud So Democrats Can Win
,Republican,What the left doesn't get about America
"Recently I have convinced a liberally minded guy to embark in debate. He is refusing to acknowledge that conservatives are reasonable people, and he is trying to promote Liberal bias in Wikipedia because he is saying that all Conservative news sources are ""Fake News."" Instead of ignoring this guy, or rejecting him, I have been talking with him.  Its been quite a conversation, and I'm not going to stop. The only way this will end is if he gives up, or we come to an agreement.

Take a look guys!

[https://np.reddit.com/r/WikiInAction/comments/94ci89/bias\_in\_wikipedia\_due\_to\_conflict\_of\_interest/e3kvr3a](https://new.reddit.com/r/WikiInAction/comments/94ci89/bias_in_wikipedia_due_to_conflict_of_interest/e3kvr3a)

EDIT: Look here as well!

[https://np.reddit.com/r/TopMindsOfReddit/comments/94jthq/rwikiinaction\_discovers\_that\_controversial/](https://new.reddit.com/r/TopMindsOfReddit/comments/94jthq/rwikiinaction_discovers_that_controversial/)",Republican,How to deal with someone who doesn't agree with Conservative ideas
,Republican,r/WalkAway becomes an official #WalkAway campaign site and hosts Brandon Straka AMA tonight 8pm ET!!
,Republican,Man Who Threatened House GOP Had 200 Rounds Of Ammo At His Home
,Republican,This is Professor Anthony Pappas. He is the GOP nominee for Congress and is running against Alexandria Ocasio-Cortez. He has taught economics at St. Johns University for close to 40 years and graduated from MIT
,Republican,"At the core of the Americanization argument is nationalism, without which, there can be no patriotism. For what is a patriot without a nation to pledge allegiance to? ‚ÄúTo substitute internationalism for nationalism,‚Äù said Teddy Roosevelt, ‚Äúmeans to do away with patriotism.‚Äù"
,Republican,Party leaders: Video from state Rep. Manweller won‚Äôt sway voters
,Republican,ICE: Twice-Deported Illegal Alien Suspected of Murder in New York | Breitbart
,Republican,Get It Through Your Head That Progressives Hate You
"We received mailers from the ""Progressive turnout project turnoutpac.org"" that tells my wife she has voted in 1 out of the past 4 major elections, giving her one star and guilting her into voting August 7th in our district special election for Congress. I received 4 of 4 stars for voting in all major elections.  
The thing is my wife and I have voted together since we met in 2008.  How can PACs put our name on a letter and then lie about voting history?

Pic http://imgur.com/Wuh0IYS",Republican,Outright lie in mailer
,Republican,‚ÄòHe Can Be Beaten‚Äô ‚Äî Kentucky Dem Makes Joke At Rand Paul‚Äôs Expense
,Republican,"The people of Chicago make desperate plea to @realDonaldTrump for help, slam Mayor Rahm Emanual for helping non-citizens first."
,Republican,Vox: Sarah Jeong was just talking the way most people on the left talk about white people
,Republican,Elizabeth Warren: America's criminal justice system is racist | US news
,Republican,Road to peridition.
,Republican,"April Ryan: Jim Acosta's Life ""Was In Jeopardy"" At Trump Rally"
,Republican,HC: The Washington Post claims that Sarah Sanders says the media is the enemy of the people.
,Republican,Noga vs Wagner: Republicans face off in this tight race in Missouri's 2nd Congressional District
,Republican,The Media's Full-Throated Defense Of NYT‚Äôs Hiring An Anti-White Bigot -
,Republican,STUDY: Researchers falsely frame Trump supporters as racists
,Republican,Kentucky Democrat Runs Lynching Ad In Pursuit Of Judgeship ‚Äî His Own Party Flips On Him
,Republican,Fearing for his life
,Republican,"HC: Citing free speech when selling ""Fake News"" t-shirts is now wrong, according to the media."
,Republican,Gohmert: Mueller UNMASKED
,Republican,Ben Shapiro On The False Claims of the Socialist Democratic Party
,Republican,"DACA program should be fully restarted, federal judge rules"
,Republican,Hispanic unemployment again hits new record low in July
,Republican,Man Arrested for Violent Threats Against... Steve Scalise's Children
,Republican,First like
,Republican,Why can‚Äôt you just be normal
,Republican,U.S. Regains Rank As The World's Most Competitive Economy Under Trump
,Republican,How Spygate Is Turning Democrats Like Me Against Our Party
,Republican,NY Times newest editorial board member doesn't seem to like 'Dumba** F***ing White People'
,Republican,D‚ÄôSouza Gets White Supremacist Richard Spencer To Admit Being A Socialist Progressive
,Republican,Trump Says He‚Äôs Working to Pass FIRST STEP Act
,Republican,California Would Lose Four Electoral Votes If Only Citizens Are Counted In The Census
,Republican,NAILED IT! Don Jr. Compares DNC To 1930s Nazi Platform
,Republican,DOJ &amp; DOL to Crack Down on Employers That Discriminate Against American Workers
,Republican,"Oregon ""Independent"" Congressional Candidate Viciously Attacks First Lady Melania Trump"
,Republican,Feinstein was 'mortified' by FBI allegation that staffer was spy for China: report
,Republican,HC: Media downplays proof of Twitter shadow banning.
"Twitter has issued a 12-hour suspension to Austin Petersen, a Republican candidate in the U.S. state of Missouri's Senate race - for what it describes as abusive behavior.
   
 YouTube URL: https://youtu.be/IQwhB1SkgQI
   
   
",Republican,"Twitter suspends republican senate candidate, Austin Petersen for posting Stalin gif"
,Republican,Democratic socialist writer levels with voters: We want to ‚Äòend capitalism‚Äô
,Republican,SURPRISE! Ontario Forced To Pull Plug On Universal Basic Income Program
,Republican,U.K. Frees Tommy Robinson. Maybe there is still hope for Londonistan
,Republican,"Good news for the GOP, Hispanics are boosting Trump‚Äôs poll numbers"
"Judge Andrew Napolitano explains to Gary Nolan why Republican Austin Petersen is the best choice in the August 7 Missouri senate primary.
   
 YouTube URL: https://youtu.be/ZLqlgC7Ga-c
   
   
",Republican,Judge Napolitano on Austin Petersen For US Senate
,Republican,California Judge Rules Twitter CAN Be Sued for Falsely Advertising Free Speech | Breitbart
,Republican,Politico: Why the Smart Move for NeverTrumpers Is to Become Democrats
,Republican,"New Hires Rise by 219,000, Blowing Away Estimate of 185,000"
"US Senate candidate Austin Petersen takes on the Politically Correct Police on Twitter
   
 YouTube URL: https://youtu.be/hAbWqsKrPJ4
   
   
",Republican,Austin Petersen takes on Twitter PC Police
,Republican,"Man in prison for violent sex crimes gets 7 more years, will be deported"
,Republican,Dana Loesch Answers Jim Acosta's and AllahPundit's Whining About Rowdy Partisan Heckling of People the Crowd Doesn't Like
"[http://video.foxnews.com/v/5614615980001/?#sp=watch-live](http://video.foxnews.com/v/5614615980001/?#sp=watch-live)

VP Pence speaks at ceremony. Very inspiring speech about our vigilance to leave no man behind.",Republican,"""Today, our boys are coming home."" Vice President Pence"
,Republican,"Socialism Always ‚ÄòBecomes a Big Prison System at the End,‚Äô Albanian Refugee Warns"
,Republican,More than 100 ex-cons already lost voting rights granted by Cuomo
,Republican,WATCH What Democrat Senator Said When Told Illegals ‚ÄòBroke the Law‚Äô Video: 00:01.0
,Republican,"If ObamaCare is an economic time bomb, Medicare for All would be a nuclear explosion"
,Republican,Liberals in a nutshell.
,Republican,"More than 1,000 people download plans to 3-D print AR-15-style guns"
,Republican,Report: Worker pay rising at fastest pace in 10 years
,Republican,"AMA with #WalkAway founder, Brandon Straka, this Friday, August 3 at 8:00PM ET on r/walkaway! Come talk to the guy who started it all!"
,Republican,Auditors: 30M taxpayers will owe more due to too low withholding from their employers
,Republican,Reposting because i phrased the post wrong. There is a new facebook for ANYONE that doesnt want censorship or an echo Chamber. It takes two minutes to sign up. Spread this to Diamond and silk???? Their twitter is @va_freevoice if youbwant tonfollow and share.
,Republican,Texas mall robbery suspects ID'd as Mexican nationals in US illegally
,Republican,"Standing strong! Every republican (except for that traitor Bob Corker) voted against extra money for ""security"" in federal elections. Sorry libtards! if you could ever win, maybe you could make the rules!"
,Republican,"Trump supporters pelted by eggs, punches can sue San Jose cops after attack, court says"
,Republican,The Congressional GOP Is Suicidal
"[https://www.youtube.com/watch?v=iIVcnHgePg0](https://www.youtube.com/watch?v=iIVcnHgePg0)

Seven men were caught with armed robbery, but fortunately was stopped by a local police officer, the swat team, an American with a concealed carry, and a few others. This is not their first crime or their first arrest, for they were caught in several occurrences before- one of which was for crossing the border illegally. ",Republican,7 Mexicans Who Entered the US Illegally Robbed a Jewelry Store
,Republican,Watt allegations leave Democrats speechless
,Republican,Dem pollster: Party shouldn't focus on 'promises of free everything'
"‚ÄúIt allows you to create a firearm that does not contain a serial number, which is perfectly in compliance with the law. Every American is allowed to manufacture firearms. Many people do this. It‚Äôs the kind of thing that stands up for what is the First Amendment essentially,‚Äù Petersen said. https://ift.tt/2KeFUNP
   
 YouTube URL: https://youtu.be/rxOCf5XAMg4
   
   
",Republican,Republican Austin Petersen Giving Out Ghost Gunner Machine
,Republican,Dems Expand Push to Blacklist Businesses Working on Trump's Border Wall
,Republican,People Are Offering To Donate Their Organs To Ruth Bader Ginsberg To Keep Her Alive
,Republican,Report: GOP Tax Cuts Provide New Benefits for Employees and Their Families
,Republican,"In virtue signaling against mythical white privilege, Hathaway, along with self-hating whites and their nonwhite auxiliaries, implicitly have announced that life matters only when they can ascribe political value to it."
,Republican,Annual US worker pay gains rose at fastest pace since 2008
"Austin Petersen appeared on the One America news network to discuss his bid for the US Senate against Claire McCaskill in Missouri.
   
 YouTube URL: https://youtu.be/2qRPScxLcVQ
   
   
",Republican,"U S Senate Candidate, Austin Petersen, on his Bid to Represent MO"
,Republican,Is Hillsdale College's Fundraising At Odds With Its Mission?
,Republican,Charles Koch warns Trump trade war could trigger recession
,Republican,"For a woman who has quickly become the face of the new Democrats, New York congressional candidate Alexandria Ocasio-Cortez is either shockingly uninformed or profoundly gaffe-prone."
,Republican,"Twitter will verify and promote you so you can advocate for a system that his killed hundreds of millions of people around the world. But if you dare speak the scientific fact that there are only two genders, you‚Äôll be banned for hate-speech."
,Republican,Rand Paul says he will support Supreme Court nominee Brett Kavanaugh
,Republican,"Liberty Makes Us Unfree, Says the ACLU"
,Republican,RNC Launching ‚ÄòWeek of Action‚Äô to Test Its Ground Game
,Republican,Koch network takes on Trump‚Äôs tariffs with six-figure ad buy as billionaire admits tensions could boil over
,Republican,Nolte: New York Times Upset over Threats Against Media; Ignores 500-Plus Attacks on Trump Supporters
,Republican,Can France Really Welcome All the World's Poor?
,Republican,But they are intent upon abolishing liberty.
,Republican,Keith Koffler: Trump is going to use America's strong economic numbers to ensure a GOP midterm victory
"Why did I decide to give away a DefenseDistributed Ghost Gunner machine? Because it's legal. And awesome. And the 2nd Amendment. And the First Amendment.
   
 YouTube URL: https://youtu.be/YZKVvpANMqE
   
   
",Republican,Why One Missouri Senate Candidate Gave Away A Gun Making Machine
,Republican,Orban: Central Europe Will Be Anti-Globalist Bastion of Christian Culture and National Identity
,Republican,"Midterms: Billionaire Koch Brothers Threaten to Support Democrats Pushing Open Borders, Free Trade"
,Republican,Can We Trust Experts? - a good read
,Republican,Government data shows the entire ‚Äòfamily separation‚Äô crisis was built of lies
,Republican,"Leftist Protesters Crash Republican Rally, Create Mayhem -"
,Republican,5 more years of shitting in her diaper and on the Constitution.
,Republican,Why Young Adults Are Fleeing Forced-Unionism States
,Republican,US GDP grew at 4.1% in the 2nd quarter
"Republican Senate candidate Austin Petersen of Missouri is giving away a Ghost Gunner 2 milling machine. The machine, dubbed the Ghost Gunner 2, cuts metal lowers into untraceable firearms. The machine is not a 3D printer, but has generated a firestorm of controversy and misunderstanding on the part of the media, as you can tell from this short clip.
   
 YouTube URL: https://youtu.be/brMKpj4vPos
   
   
",Republican,Missouri Senate Candidate Giving Away Ghost Gunner Machine
,Republican,Court Rules Lawsuit Against San Jose Officials By Trump Supporters Beaten to a Bloody Pulp by Violent Leftists Can Proceed
,Republican,Hi! I'm Nicole and I'm running for Merrimack County Attorney in New Hampshire!
,Republican,Bannon is right. It is much easier to work with RINOs than Dems
,Republican,Second-quarter GDP jumps 4.1% for best pace in nearly four years
,Republican,The Perils of ‚ÄòOwning‚Äô the Libs
,Republican,Poll: Americans overwhelmingly reject voting rights for undocumented immigrants
"That‚Äôs literal, not an overstatement. They legalized recreational weed.",Republican,It‚Äôs legal to provide marijuana but not plastic drinking straws in parts of California.
,Republican,An Asian American's Opinion on Affirmative Action
"Hey, so I just learned there's a debate over plastic straws. Can anyone provide the background behind this? Why it came up, the pros and cons, etc. Thanks. ",Republican,The straw debate
,Republican,Leftist comedians want you to think pedophilia is super funny
,Republican,North Korea Hands Over Remains of U.S. Soldiers From Korean War
,Republican,So it would seem
,Republican,Korea remains: Pyongyang returns US troops slain in Korean War
,Republican,It's imperative
,Republican,State Department Working to Kill Sanctions on Terrorist Use of Human Shields
,Republican,China Is Meddling In U.S. Midterm Elections ‚Äî Right Now
,Republican,Court: Hawaii's restrictions on handguns in public unconstitutional
,Republican,"Fake News Headline Correction: Twitter shadowbanning conservatives is simply ""weak user numbers"""
,Republican,GOP House Committee Asylum Rules Would Allow Migrating Foreign Populations to Fill Half of Midwest
,Republican,"Rand Paul: Brennan 2012 Leak ‚ÄòHelped Compromise‚Äô Yemen Operation, Risked Agent‚Äôs Life"
,Republican,Former Dem Candidate Campaigning for Dem CA-48 Nominee: ‚ÄòThis Is Civil War II‚Äô
,Republican,US house prices are going to rise at twice the speed of inflation and pay: Reuters poll
"Hello, being upfront, I would like to start by saying that I am independent. Regarding legalization of marijuana, I haven‚Äôt heard much regarding republican views. To me, it sound like a win-win situation. State  makes money off its taxes, ilegal sell decreases, no more people who  are incarcerated for possession of it   have to spend unnecessary time in prison which means that tax payers‚Äô money can be redirected to amore useful causes. Plus is less deadly than alcohol and tabaco which are both legal. I want to see (glance) at what a general republican opinion looks like. Whether you support it or not or are undecided. 

Edit: for transparency‚Äôs sake, I am not here to argue.  As every human I have a personal biases, therefore I just here to listen.",Republican,What are your opinions regarding legalizing recreational marijuana?
,Republican,"Facebook admits it blocked Florida Republican's pro-gun ad, reverses course"
,Republican,Judicial Watch Obtains IRS Documents Revealing McCain‚Äôs Subcommittee Staff Director Urged IRS to Engage in ‚ÄúFinancially Ruinous‚Äù Targeting
,Republican,#BoycottEricChurch
,Republican,Trump's Demands Are for Canada's Own Good
,Republican,"ICE locates, arrests sex offender after NC county refuses to honor detainer"
,Republican,This will be all of America if leftists have their way.
"Cause republicans get the job done. It was a republican that ended slavery and it was a Republican who stoped tensions between the US and the Soviet Union. I see it as republicans are the business men who wants what‚Äôs best for America and will make deals to get it, while Democrats are just hippies who preach about equality when in reality they want to oppress white men and change this republic into a communist country. That is why I‚Äôm a republican ",Republican,Let me tell you why I‚Äôm a republican
,Republican,No More 'Undocumented': Justice Dept. Says the Correct Term Is 'Illegal Alien'
,Republican,"r/IAmA calls the #WalkAway mov't a ""Russian propaganda effort"", revealing their CNN-like propagandist political slant in today's ban of r/WalkAway mod"
,Republican,House Dems introduce bill to require two years of debt-free college across the US
,Republican,Republican Uber riders say driver kicked them out with 'Welcome to the resistance' | TheHill
,Republican,Poll: Majority of Americans say they would not vote for a 'socialist'
,Republican,"Dem Congressional Candidate: Tax Parents With More Than Two Kids, ‚ÄòIrresponsible Breeders‚Äô"
,Republican,"Muslim Democrat promising lots of gov't 'freebies' - ""Tlaib also wants to create special rights for Muslims and other minorities"""
,Republican,The way I see it
"The AMA is here --&gt; https://reddit.com/r/walkaway/comments/91x7y9/hey_guys_my_name_is_dylan_wheeler_from_educating/    

Thank you mods!",Republican,Dylan Wheeler AMA from Educating Liberals. ASK ME ANYTHING!
,Republican,"Server faked ‚Äòwe don‚Äôt tip terrorist‚Äô note, Texas restaurant says"
What would you recommend I do for this?,Republican,I want to start up a republican club at my high school! (Advice)
Click here for the AMA --&gt; https://reddit.com/r/walkaway/comments/91wcjj/walkaway_with_wayne_dupree_ama/,Republican,Wayne Dupree AMA at r/WalkAway right now! Come join us
,Republican,Trump's trade war is economic suicide
,Republican,"‚ÄúThe notion that social media companies would suppress certain political points of view should concern every American,‚Äù McDaniel told VICE News in a statement. ‚ÄúTwitter owes the public answers to what‚Äôs really going on.‚Äù"
,Republican,I see Gaza as an open air prison. But I wholeheartedly agree with US approach to UN re: money and help from Arab nations. We do have to stop making US tax payers work for the world while we dont provide enough relief to the tax payers themselves.
,Republican,"A federal appeals court ruled on Tuesday that the U.S. Constitution‚Äôs Second Amendment protects the right to openly carry a gun in public for self-defense, rejecting a claim by Hawaii officials that the right only applies to guns kept at home."
,Republican,Why Is Mueller Handing Off Key Cases?
,Republican,Owning Libs Feels Great but Risks Backlash
,Republican,Trump beat Hillary more than a year ago but the left can't let it go ‚Äì and it's harming our country
,Republican,9th Circuit: Second Amendment protects right to openly carry firearm in public
,Republican,ICE more than TRIPLED its U.S. work place investigations in 2018
,Republican,With leftists a racist tweet = permanently blacklisted. Pedophilia? Rape? Murder? Easily forgiven. Really makes you think.
,Republican,Andrew Cuomo Restores Voting Rights to Paroled Sex Offenders
,Republican,Donald trump saved the GOP.
,Republican,when you‚Äôre disappointed because the name Faisal Hussain doesn‚Äôt let you blame White people
,Republican,North Korea Begins Dismantling Key Facilities at the Sohae Satellite Launching Station
,Republican,Finally: House unanimously passes response to Kelo
,Republican,Social Media Proves The Need For Whatfinger Style Alternatives -
,Republican,Nice of him to admit that these people are using their security clearances to leak information and get rich.
,Republican,California Coffee Shops Quits Serving Eggs in 'Feminist' Solidarity With Chickens
,Republican,Study: TV‚Äôs War Against Trump‚Äôs Immigration Enforcement Agenda
,Republican,"Leftists only ""like"" immigrants because they mostly vote Democrat. If immigrants were likely to vote republican these same leftists would be screaming for a 100 foot wall topped with machine guns around the entire country."
,Republican,Will New Jersey Kick Discredited Robert Mendendez Out Of The Senate?
,Republican,You were never a spy. You were never a case officer. You never ran operations or recruited sources or worked the streets abroad. You have no idea whatsoever of the true nature of the business of human intelligence. You have never been in harm's way. You have never heard a shot fired in anger.
,Republican,Democrats Caught In Vile Attack On Wife Of Trump's Florida Co-Chair
,Republican,And another member of the leftist sex slavery cult NXIVM arrested. All these leftists defending Hollywood pedophiles is making more sense everyday.
,Republican,Another Hit Piece By The Mainstream Media. Thoughts? Be Sure To Like And Share!
,Republican,10 Key Takeaways From Released FISA Warrants Against Carter Page
,Republican,"FBI Knew Russian Spy Butina Was a Spy While She Was Meeting with Obama Treasury and Spying on NRA, Conservatives"
,Republican,"No, The Fourteenth Amendment Does Not Authorize Birthright Citizenship"
,Republican,Kavanaugh Could Tip Supreme Court Against Gun Control Laws
,Republican,Lawyers: White Students Should Be Able To Sue Cal Poly For Racial Discrimination
,Republican,Maxine Waters Wants Trump Supporters To Stop Confronting Her - Big League Politics
,Republican,Unlike using said security clearance to get rich leaking Intel to the media.
,Republican,"This week BIG r/WalkAway AMA lineup, Wayne Dupree, An0maly, Educating Liberals, and more"
,Republican,Former Marvel Director Deletes Twitter Account After Calling Out Hollywood Pedophilia Jokes
,Republican,U.S. loses bid to end children's climate change lawsuit
,Republican,"Marvel movie star Dave Bautista is leading a campaign to defend disgraced Guardians of the Galaxy director James Gunn, and his defense is as disturbing as it is dishonest."
,Republican,That‚Äôs a funny way of saying ‚ÄúMan Gets Fired From Disney for Tweeting About Raping Children.‚Äù
,Republican,I like it when little boys touch me in my silly place. Shhh! - James Gunn
,Republican,"Democrats See Openings at State Level, Thanks to Trump Resistance"
,Republican,"ANNOUNCEMENT: Introducing the 2nd AMA on r/WalkAway, the NewsNinja himself Wayne Dupree will be making his appearance this Monday Jul 23rd. Mark your calendars folks, and dont miss this opportunity at 6pm ET to ask questions and learn more about Wayne and the #WalkAway Movement!"
,Republican,"Video: Racist violent liberal attacks Doctor Shiva, running against Elizabeth ""Fauxcahontas"" Warren."
,Republican,"After Putin-Trump summit, what's next for oil and gas prices? by Dr. Daniel Fine"
,Republican,"In 2016, non-citizens from Latin American residing in the United States‚Äîlegally and illegally‚Äîsent $69 billion back to their countries of origin. Around 40 percent of all that money sent out of the United States by non-citizens ends up in Mexico."
,Republican,"Hey, Millennials: Socialism Creates Poverty and Limits Freedom. So Stop Romanticizing It! | Benjamin Powell"
,Republican,Video &amp; Article: TWELVE STATES Call for Term Limits on Congress - ‚ÄúThis is the MOST POPULAR ISSUE in America; it‚Äôs got over 80% support [from] the public. The ONLY PEOPLE who don‚Äôt like this are the entrenched political class.‚Äù
,Republican,Calling Law Enforcement Terrorists Is Proof That The Left Hates America
"So i have been in nd and it is fairly republican president overall. However the seats in congress are not. Ive been looking up anti heidie stuff and would like more links. Ive covered like 3 so far. This is a HUGE chance for us to take a senate spot. She pretends to vote both ways but im looking for records of her not, since ive disagreeded with her before.",Republican,North dakota vote
,Republican,According to the leftists defending James Gunn these are just jokes. Which is technically true. IF you're a fucking pedophile.
,Republican,"Report: How Noncitizens Vote in Allegheny County, PA - Pennsylvania Continues to Hide Full Scale of Alien Voting"
,Republican,Get em while they are hot...
,Republican,"Editorial: Barack Obama is still lecturing, still clueless"
,Republican,Sweden invests millions to teach migrants how to have sex ‚Äòwith blonde women‚Äô
,Republican,Americans Declare They're 'Not Russian Bots' After Smear Against #WalkAway Movement
,Republican,"Since legalizing cannabis in 2012, crime clearance rates are increasing faster in Washington and Colorado than the rest of country, suggesting that legalization may free police to focus on more serious crimes."
,Republican,"2020 Republican convention goes to Charlotte, the lonely and reluctant bidder in age of Trump"
,Republican,Why Identity Politics will Self Deconstruct
,Republican,THE GOOD GUY WITH A GUN: TOTAL MYTH I SWEAR!
,Republican,Military families sue over black mold in their homes
,Republican,Republicans overwhelmingly back Trump's performance at Putin summit: Poll
,Republican,Steven Crowder Confronts Journalist Over Her Unethical Reporting on Him and It Doesn't Go Well for Her
,Republican,Journalists are such great parents that they want to send their sons to die in Crimea if it means they can stick it to Trump and Putin.
,Republican,Lisa Page revealed under oath that there was no basis for Mueller's appointment
,Republican,SPLC Finally Removes Orlando Shooter Omar Mateen From Its List of ‚ÄòTerror From the Right'
,Republican,The Ninth Circuit Protects Gun Rights and Stops Confiscation
,Republican,Abolish the IRS and repeal the 16th amendment. H.R.25 - 113th Congress (2013-2014): Fair Tax Act of 2013 | Congress.gov | Library of Congress.
,Republican,90 percent of Flint water samples at or below 6 ppb of lead
,Republican,WATCH: Keith Ellison Claims Having National Borders Is An 'Injustice'
,Republican,House Republicans defeat attempt to subpoena Trump interpreter
,Republican,Glad to hear that a Clinton crony is getting immunity for doing the exact same thing as Manafort. This most definitely isn't a witchhunt. üòâ
